{
   "game":{
      "connected":true,
      "paused":true,
      "time":"0001-01-08T21:09:00Z",
      "timeScale":19.0,
      "nextRestStopTime":"0001-01-01T10:11:00Z",
      "version":"1.10",
      "telemetryPluginVersion":"4"
   },
   "truck":{
      "id":"man",
      "make":"MAN",
      "model":"TGX",
      "speed":53.82604,
      "cruiseControlSpeed":0.0,
      "cruiseControlOn":false,
      "odometer":105830.453,
      "gear":10,
      "displayedGear":10,
      "forwardGears":12,
      "reverseGears":1,
      "shifterType":"arcade",
      "engineRpm":1337.18762,
      "engineRpmMax":2500.0,
      "fuel":683.829834,
      "fuelCapacity":700.0,
      "fuelAverageConsumption":0.4923077,
      "fuelWarningFactor":0.15,
      "fuelWarningOn":false,
      "wearEngine":0.008189549,
      "wearTransmission":0.004930536,
      "wearCabin":0.0130360955,
      "wearChassis":0.0162951164,
      "wearWheels":0.002864266,
      "userSteer":0.0,
      "userThrottle":1.0,
      "userBrake":0.0,
      "userClutch":0.0,
      "gameSteer":0.026530467,
      "gameThrottle":1.0,
      "gameBrake":0.0,
      "gameClutch":0.0,
      "shifterSlot":0,
      "engineOn": false,
      "electricOn":false,
      "wipersOn":false,
      "retarderBrake":0,
      "retarderStepCount":3,
      "parkBrakeOn":false,
      "motorBrakeOn":false,
      "brakeTemperature":15.0831814,
      "adblue":0.0,
      "adblueCapacity":0.0,
      "adblueAverageConsumpton":0.0,
      "adblueWarningOn":false,
      "airPressure":139.999741,
      "airPressureWarningOn":false,
      "airPressureWarningValue":65.0,
      "airPressureEmergencyOn":false,
      "airPressureEmergencyValue":30.0,
      "oilTemperature":57.3665657,
      "oilPressure":70.40637,
      "oilPressureWarningOn":false,
      "oilPressureWarningValue":10.0,
      "waterTemperature":53.1299934,
      "waterTemperatureWarningOn":false,
      "waterTemperatureWarningValue":105.0,
      "batteryVoltage":23.6067848,
      "batteryVoltageWarningOn":false,
      "batteryVoltageWarningValue":22.0,
      "lightsDashboardValue":1.0,
      "lightsDashboardOn":true,
      "blinkerLeftActive":false,
      "blinkerRightActive":false,
      "blinkerLeftOn":false,
      "blinkerRightOn":false,
      "lightsParkingOn":false,
      "lightsBeamLowOn":false,
      "lightsBeamHighOn":false,
      "lightsAuxFrontOn":false,
      "lightsAuxRoofOn":false,
      "lightsBeaconOn":false,
      "lightsBrakeOn":false,
      "lightsReverseOn":false,
      "placement":{
         "x":13475.5762,
         "y":67.3605652,
         "z":14618.6211,
         "heading":0.185142234,
         "pitch":-0.0067760786,
         "roll":-0.000293774
      },
      "acceleration":{
         "x":0.0214568116,
         "y":0.00623101648,
         "z":-0.759649038
      },
      "head":{
         "x":-0.795116067,
         "y":1.43522251,
         "z":-0.08483863
      },
      "cabin":{
         "x":0.0,
         "y":1.36506855,
         "z":-1.70362806
      },
      "hook":{
         "x":0.0,
         "y":0.939669,
         "z":-6.17736959
      }
   },
   "trailer":{
      "attached":true,
      "id":"derrick",
      "name":"Вышка",
      "mass":22000.0,
      "wear":0.0234265551,
      "placement":{
         "x":13483.3223,
         "y":67.73905,
         "z":14622.127,
         "heading":0.1813016,
         "pitch":-0.00583146373,
         "roll":-0.000160016149
      }
   },
   "job":{
      "income":2316,
      "deadlineTime":"0001-01-09T03:34:00Z",
      "remainingTime":"0001-01-01T06:25:00Z",
      "sourceCity":"Linz",
      "sourceCompany":"DPD",
      "destinationCity":"Salzburg",
      "destinationCompany":"JCB"
   },
   "navigation":{
      "estimatedTime": "0001-01-01T03:01:40Z",
      "estimatedDistance": 132500,
      "speedLimit": 90
   }
}